Date,Actual Price,Predicted Price (LSTM),Predicted Price (Linear Regression)
2023-01-18,133.0759735107422,127.120155,127.5864685156568
2023-01-19,133.13502502441406,127.71713,127.90121866797337
2023-01-20,135.69398498535156,128.29974,123.12038834901509
2023-01-23,138.88284301757812,128.90904,124.38940124023672
2023-01-24,140.28042602539062,129.66289,123.07120387177791
2023-01-25,139.62103271484378,130.593,127.59630541110424
2023-01-26,141.6878814697266,131.59685,128.11764561881765
2023-01-27,143.6267852783203,132.61516,128.6882008057696
2023-01-30,140.7430572509766,133.70174,131.40326020426534
2023-01-31,142.01266479492188,134.75165,131.32456504068585
2023-02-01,143.13467407226565,135.65205,132.65259167909176
2023-02-02,148.43960571289065,136.48764,133.81337584389055
2023-02-03,152.06152343750003,137.40189,133.09525197422636
2023-02-06,149.33525085449222,138.57155,133.15427334691097
2023-02-07,152.20916748046878,139.86288,135.71192716724704
2023-02-08,149.52224731445315,141.12617,138.8991575472197
2023-02-09,148.4888153076172,142.33463,140.29602720275693
2023-02-10,148.85354614257812,143.31815,139.63697045877944
2023-02-13,151.65298461914065,144.09221,141.70276425574303
2023-02-14,151.0122833251953,144.77934,143.64067841188995
2023-02-15,153.11184692382812,145.4489,140.7584222927892
2023-02-16,151.5149841308594,146.09105,142.0273818055084
2023-02-17,150.3715515136719,146.71114,143.14881838851747
2023-02-21,146.35968017578128,147.19472,148.45104229369156
2023-02-22,146.7835235595703,147.43633,152.07111132435207
2023-02-23,147.26651000976562,147.39949,149.34623028140962
2023-02-24,144.61495971679688,147.23494,152.2186800070643
2023-02-27,145.80764770507815,146.9516,149.53313129491087
2023-02-28,145.30497741699222,146.55247,148.50022677092875
2023-03-01,143.23497009277344,146.14162,148.86477144051022
2023-03-02,143.8263854980469,145.6758,151.662781031779
2023-03-03,148.87324523925784,145.15126,151.02240676365128
2023-03-06,151.6332702636719,144.7719,153.12089870610214
2023-03-07,149.43510437011722,144.73566,151.52485098150518
2023-03-08,150.6869812011719,144.93076,150.38200199352215
2023-03-09,148.4395294189453,145.20517,146.3721783891335
2023-03-10,146.37939453125003,145.50555,146.79580543540234
2023-03-13,148.3212127685547,145.67616,147.27854536036
2023-03-14,150.41096496582034,145.74585,144.6283484678146
2023-03-15,150.80529785156253,145.87271,145.82042768603685
2023-03-16,153.6244049072266,146.09941,145.31801397018432
2023-03-17,152.7865447998047,146.44923,143.24906321607716
2023-03-20,155.1522979736328,146.92476,143.84017675196424
2023-03-21,157.00543212890625,147.47066,148.88446048240579
2023-03-22,155.57617187500003,148.15431,151.64307673888274
2023-03-23,156.66041564941406,148.90054,149.44603282994916
2023-03-24,157.96157836914065,149.61493,150.6972706798623
2023-03-27,156.01971435546875,150.34137,148.4509660386881
2023-03-28,155.3986968994141,151.02509,146.39188268202975
2023-03-29,158.47416687011722,151.55937,148.33270977930917
2023-03-30,160.04145812988284,152.03331,150.421395328314
2023-03-31,162.545166015625,152.5855,150.81552693924124
2023-04-03,163.79702758789062,153.25539,153.63319507040418
2023-04-04,163.26478576660156,154.06575,152.79576262231316
2023-04-05,161.42144775390628,154.93411,155.16030827186563
2023-04-06,162.30863952636722,155.72046,157.01249655311327
2023-04-10,159.71618652343753,156.37373,155.5839658201359
2023-04-11,158.50375366210938,156.88213,156.66765617642804
2023-04-12,157.81376647949222,157.15462,157.96815475858182
2023-04-13,163.1957702636719,157.22061,156.02728190830032
2023-04-14,162.85075378417972,157.2685,155.40658143106748
2023-04-17,162.8704986572266,157.47665,158.48048162488524
2023-04-18,164.09277343750003,157.73912,160.0469729101378
2023-04-19,165.2362213134766,158.05038,162.549402856962
2023-04-20,164.27017211914062,158.44165,163.80062545587444
2023-04-21,162.66349792480472,158.86955,163.26865530067752
2023-04-24,162.96903991699222,159.22006,161.42625816187524
2023-04-25,161.43132019042972,159.46071,162.31299709520897
2023-04-26,161.42144775390628,159.60051,159.72186732835024
2023-04-27,166.00511169433594,159.61847,158.51005331523032
2023-04-28,167.2569274902344,159.67654,157.82041831486197
2023-05-01,167.16819763183594,159.9393,163.19967502453994
2023-05-02,166.1331939697266,160.33354,162.85483464785472
2023-05-03,165.05874633789065,160.75212,162.87456944275235
2023-05-04,163.42247009277347,161.10124,164.09622035131972
2023-05-05,171.09136962890628,161.31717,165.2390845903034
2023-05-08,171.02236938476565,161.57176,164.27352848538465
2023-05-09,169.3171081542969,162.09721,162.66767436734165
2023-05-10,171.08151245117188,162.68434,162.97306040523225
2023-05-11,171.26878356933597,163.25908,161.43612555932407
2023-05-12,170.34097290039062,163.86308,161.42625816187524
2023-05-15,169.847412109375,164.42749,166.0075825152589
2023-05-16,169.847412109375,164.89145,167.25875936116924
2023-05-17,170.45938110351565,165.25458,167.17007479213538
2023-05-18,172.78890991210938,165.552,166.1355994150818
2023-05-19,172.8974761962891,165.86775,165.061700201235
2023-05-22,171.9499053955078,166.25482,163.4262591418462
2023-05-23,169.34399414062503,166.63474,171.0912443294916
2023-05-24,169.620361328125,166.89435,171.0222793043547
2023-05-25,170.75555419921875,166.98846,169.3178884708297
2023-05-26,173.1640167236328,167.02327,171.08139218304348
2023-05-30,175.00985717773438,167.11407,171.26856771455724
2023-05-31,174.96049499511722,167.35353,170.34123061737688
2023-06-01,177.7637939453125,167.72066,169.8479217489385
2023-06-02,178.61270141601562,168.19998,169.8479217489385
2023-06-05,177.26040649414065,168.83385,170.45957838276
2023-06-06,176.89518737792972,169.51021,172.7879181566656
2023-06-07,175.52313232421875,170.11499,172.89642902660125
2023-06-08,178.23762512207034,170.6024,171.94934188352255
2023-06-09,178.6225738525391,171.00856,169.344760734052
2023-06-12,181.41603088378906,171.44838,169.62098685861625
2023-06-13,180.94223022460938,171.94945,170.75560030622466
2023-06-14,181.5739440917969,172.54016,173.16283350671878
2023-06-15,183.60736083984378,173.13716,175.00773180963483
2023-06-16,182.5314483642578,173.77281,174.95839482239072
2023-06-20,182.6202392578125,174.43626,177.760262916835
2023-06-21,181.58381652832034,175.03447,178.60873708942822
2023-06-22,184.5845642089844,175.54175,177.25713240394987
2023-06-23,184.2686767578125,175.99734,176.89209970234617
2023-06-26,182.87692260742188,176.4943,175.52074497096947
2023-06-27,185.630859375,176.93196,178.2338522413764
2023-06-28,186.8054962158203,177.32433,178.61860448687705
2023-06-29,187.1410827636719,177.79263,181.41063568587387
2023-06-30,191.46453857421875,178.3154,180.93707686333383
2023-07-03,189.97402954101565,178.94391,181.56846829205296
2023-07-05,188.85861206054688,179.71164,183.60084714649665
2023-07-06,189.33239746093753,180.4232,182.52548383658325
2023-07-07,188.21702575683597,181.03745,182.6142294096199
2023-07-10,186.17376708984375,181.55296,181.57833568950178
2023-07-11,185.6506042480469,181.89284,184.5775517329225
2023-07-12,187.3188018798828,182.02997,184.26182551656154
2023-07-13,188.07882690429688,182.06514,182.87078174328929
2023-07-14,188.2268829345703,182.11357,185.62331285048944
2023-07-17,191.4842529296875,182.18921,186.79735013489108
2023-07-18,191.22763061523438,182.35092,187.1327653931476
2023-07-19,192.57995605468753,182.66039,191.45401443170158
2023-07-20,190.6353759765625,183.0475,189.9642661819397
2023-07-21,189.46075439453128,183.4627,188.84941803123033
2023-07-24,190.26028442382815,183.77156,189.32296160276965
2023-07-25,191.11904907226562,183.98405,188.20815920506237
2023-07-26,191.98767089843753,184.17807,186.16594345517123
2023-07-27,190.7241973876953,184.39491,185.64304764538707
2023-07-28,193.3004913330078,184.61089,187.3103937982271
2023-07-31,193.9124908447266,184.82298,188.07003089177954
2023-08-01,193.08335876464847,185.1279,188.21801135151048
2023-08-02,190.09246826171875,185.46219,191.47371872459786
2023-08-03,188.7006988525391,185.69691,191.21722739493123
2023-08-04,179.63929748535156,185.7278,192.56886258241096
2023-08-07,176.53985595703128,185.3999,190.62527505400598
2023-08-08,177.47756958007815,184.50041,189.45125302060507
2023-08-09,175.88836669921875,183.26314,190.2503749549535
2023-08-10,175.6711883544922,181.9056,191.10870127399485
2023-08-11,175.73049926757812,180.49055,191.97687973948436
2023-08-14,177.38117980957034,179.12344,190.714051129044
2023-08-15,175.3944244384766,177.90486,193.2890300861681
2023-08-16,174.52462768554688,176.85866,193.900717221991
2023-08-17,171.98439025878906,175.88261,193.0720083462968
2023-08-18,172.46873474121094,174.92677,190.0826444493242
2023-08-21,173.8030700683594,173.9669,188.69158542505122
2023-08-22,175.17697143554688,173.11859,179.6348091650996
2023-08-23,179.02194213867188,172.46269,176.53694964919202
2023-08-24,174.3368377685547,172.09116,177.4741846458226
2023-08-25,176.54103088378906,171.9314,175.88579292357386
2023-08-28,178.10272216796878,171.78406,175.66872543070045
2023-08-29,181.98716735839847,171.78311,175.72800607039684
2023-08-30,185.4762725830078,172.00465,177.37784407444047
2023-08-31,185.6937255859375,172.55356,175.39210278011814
2023-09-01,187.2653350830078,173.3755,174.52274998757522
2023-09-05,187.50253295898438,174.34222,171.98380914509033
2023-09-06,180.79118347167972,175.39671,172.4679064091097
2023-09-07,175.50320434570315,176.29012,173.8015606667716
2023-09-08,176.11596679687503,176.68338,175.17476076923222
2023-09-11,177.2823028564453,176.61348,179.01776892803323
2023-09-12,174.2577819824219,176.33801,174.33505592203787
2023-09-13,172.1919860839844,175.92287,176.53812397624543
2023-09-14,173.70426940917972,175.29146,178.09901814424342
2023-09-15,172.9827117919922,174.54205,181.98148064183903
2023-09-18,175.90840148925784,173.80855,185.46880496246158
2023-09-19,176.9956970214844,173.16318,185.68614697334746
2023-09-20,173.45713806152344,172.73631,187.25695429179638
2023-09-21,171.91520690917972,172.41008,187.49403109757992
2023-09-22,172.76522827148438,172.00302,180.7861072074669
2023-09-25,174.04031372070312,171.55254,175.5008271640635
2023-09-26,169.96804809570312,171.16727,176.11327684992105
2023-09-27,168.45574951171878,170.79005,177.2790175899453
2023-09-28,168.71275329589844,170.26094,174.2560404874438
2023-09-29,169.22673034667972,169.64172,172.19129900952808
2023-10-02,171.7372741699219,169.03105,173.70281043727988
2023-10-03,170.4029083251953,168.53578,172.98162111647625
2023-10-04,171.64834594726565,168.1913,175.90581748748468
2023-10-05,172.88388061523438,167.93166,176.99255804391558
2023-10-06,175.43400573730472,167.81468,173.45580523004475
2023-10-09,176.91661071777344,167.88736,171.91466110794508
2023-10-10,176.32354736328125,168.18668,172.76424860358898
2023-10-11,177.71722412109375,168.63174,174.0386832255572
2023-10-12,178.61666870117188,169.14525,169.9684961604229
2023-10-13,176.77822875976562,169.74046,168.4569694816704
2023-10-16,176.6497344970703,170.33243,168.71384208635436
2023-10-17,175.09791564941406,170.81871,169.2275567937209
2023-10-18,173.8030700683594,171.1796,171.73681918885586
2023-10-19,173.42753601074222,171.36151,170.4031344291926
2023-10-20,170.87739562988284,171.37804,171.647936356813
2023-10-23,170.99598693847656,171.22705,172.88284038498318
2023-10-24,171.43090820312503,170.9009,175.4316638759176
2023-10-25,169.11801147460938,170.51202,176.91351210732014
2023-10-26,164.95677185058594,170.06837,176.32075146335814
2023-10-27,166.2713623046875,169.44012,177.7137168627178
2023-10-30,168.31738281250003,168.63493,178.61270234960858
2023-10-31,168.7918243408203,167.87834,176.77520078202897
2023-11-01,171.95474243164065,167.27048,176.64677210518735
2023-11-02,175.5130615234375,166.86955,175.09574533463817
2023-11-03,174.60369873046875,166.80568,173.8015606667716
2023-11-06,177.15383911132812,167.0365,173.42621828869898
2023-11-07,179.7138366699219,167.4469,170.87737954676385
2023-11-08,180.77143859863284,168.09161,170.9959103241553
2023-11-09,180.2969665527344,168.9417,171.43060959692778
2023-11-10,184.4834899902344,169.88055,169.1188934137783
2023-11-13,182.8999481201172,170.89456,164.95977776359902
2023-11-14,185.51280212402344,172.0012,166.27369722636325
2023-11-15,186.07691955566406,173.0881,168.31867340737992
2023-11-16,187.7594909667969,174.20642,168.7928727719491
2023-11-17,187.73965454101562,175.3244,171.95417645074247
2023-11-20,189.48156738281253,176.43002,175.51067931051165
2023-11-21,188.67991638183597,177.49422,174.60178067316997
2023-11-22,189.34298706054688,178.51122,177.15061941510507
2023-11-24,188.01678466796878,179.41956,179.7093103034883
2023-11-27,187.838623046875,180.2044,180.76637241256927
2023-11-28,188.4423522949219,180.81613,180.2921425459987
2023-11-29,187.4229431152344,181.30037,184.47652910432745
2023-11-30,187.99699401855472,181.67776,182.8937955033361
2023-12-01,189.27374267578125,181.94373,185.5053158581223
2023-12-04,187.4823455810547,182.17938,186.06914535376833
2023-12-05,191.43130493164062,182.3842,187.7508579492618
2023-12-06,190.34263610839847,182.57918,187.73103164836
2023-12-07,192.27256774902347,182.8759,189.47205538555127
2023-12-08,193.69778442382815,183.20482,188.67081356210642
2023-12-11,191.19378662109378,183.6361,189.3335457972511
2023-12-12,192.70805358886722,184.08865,188.00802032295894
2023-12-13,195.92465209960938,184.46835,187.82994963885932
2023-12-14,196.07310485839844,184.91588,188.4333707323062
2023-12-15,195.53863525390628,185.48535,187.41448187796158
2023-12-18,193.8759307861328,186.07336,187.98823977505924
2023-12-19,194.9151306152344,186.58176,189.2643367561031
2023-12-20,192.82681274414065,186.97995,187.47385402366214
2023-12-21,192.6783599853516,187.286,191.4207977521907
2023-12-22,191.6094665527344,187.43881,190.33268460569738
2023-12-26,191.06512451171875,187.47124,192.2616311734364
2023-12-27,191.16412353515628,187.38144,193.68612039122996
2023-12-28,191.58964538574222,187.21155,191.1834006753926
2023-12-29,190.55046081542972,187.0188,192.69689473323456
2024-01-02,183.73130798339844,186.81529,195.91185143246835
2024-01-03,182.3556060791016,186.42989,196.06022841821735
2024-01-04,180.03965759277347,185.69633,195.52603161691917
2024-01-05,179.31718444824222,184.7281,193.8641758243289
2024-01-08,183.6521148681641,183.58583,194.90284522657325
2024-01-09,183.23646545410156,182.4869,192.81559327163362
2024-01-10,184.27566528320315,181.62239,192.66721628588462
2024-01-11,183.6818084716797,180.93967,191.59886843629033
2024-01-12,184.0084381103516,180.43079,191.05480423754332
2024-01-16,181.74200439453128,180.03922,191.15375273004403
2024-01-17,180.80174255371094,179.70465,191.57905738638922
2024-01-18,186.69053649902347,179.3241,190.54040323514556
2024-01-19,189.5904541015625,179.0481,183.72473102513158
2024-01-22,191.8964996337891,179.1234,182.34973130458906
2024-01-23,193.1732177734375,179.5322,180.03496492130085
2024-01-24,192.50021362304688,180.21254,179.3128605404556
2024-01-25,192.17361450195312,181.0346,183.64557833153128
2024-01-26,190.44158935546878,181.857,183.23014107263492
2024-01-29,189.75869750976565,182.58382,184.26881047487927
2024-01-30,186.10662841796878,183.13693,183.67525677888122
2024-01-31,182.5040435791016,183.45566,184.00171969973053
2024-02-01,184.93876647949222,183.4118,181.73644281369337
2024-02-02,183.93916320800784,183.09816,180.79666089994694
2024-02-05,185.75033569335938,182.71785,186.68244909566474
2024-02-06,187.3536834716797,182.3147,189.5808865265015
2024-02-07,187.4625396728516,182.02338,191.8857550103395
2024-02-08,186.38377380371097,181.86603,193.161821489382
2024-02-09,187.14682006835938,181.77106,192.4891608527857
2024-02-12,185.46214294433594,181.69846,192.16272843393776
2024-02-13,183.3711395263672,181.6371,190.43158734519602
2024-02-14,182.48918151855472,181.47841,189.74904406015023
2024-02-15,182.2017974853516,181.18625,186.09883905211896
2024-02-16,180.66578674316406,180.80339,182.49809303933736
2024-02-20,179.92253112792972,180.34814,184.93157321202534
2024-02-21,180.6757354736328,179.80772,183.93248015658114
2024-02-22,182.7071990966797,179.24556,185.7427281859211
2024-02-23,180.87390136718753,178.7781,187.34525758581287
2024-02-26,179.5261688232422,178.4205,187.45405822476172
2024-02-27,180.9828796386719,178.04797,186.3758429777186
2024-02-28,179.7838134765625,177.68268,187.1384997694084
2024-02-29,179.119873046875,177.37201,185.45468253581922
2024-03-01,178.0396881103516,177.0504,183.3647464047575
2024-03-04,173.5208282470703,176.69882,182.48323856466172
2024-03-05,168.58572387695315,176.21303,182.19600121759657
2024-03-06,167.59475708007812,175.41206,180.6607744837661
2024-03-07,167.47583007812503,174.29465,179.917898239976
2024-03-08,169.19021606445312,173.03488,180.67071813621837
2024-03-11,171.19200134277344,171.80139,182.70114486257327
2024-03-12,171.66770935058597,170.76012,180.86878288222744
2024-03-13,169.58662414550784,169.96765,179.5217382459565
2024-03-14,171.43975830078128,169.33136,180.97770552918183
2024-03-15,171.06317138671875,168.7967,179.7792513926696
2024-03-18,172.15327453613284,168.41753,179.1156498504854
2024-03-19,174.4919891357422,168.15994,178.03601626037775
2024-03-20,177.05860900878906,168.08401,173.51946290694025
2024-03-21,169.82444763183597,168.2573,168.5868775055793
2024-03-22,170.72625732421875,168.48056,167.59641651652774
2024-03-25,169.30915832519534,168.48642,167.47755021712106
2024-03-26,168.1794128417969,168.38675,169.19106114906089
2024-03-27,171.74696350097656,168.15143,171.19182467906654
2024-03-28,169.93345642089847,167.89793,171.6672898766933
2024-04-01,168.49653625488284,167.73117,169.5872668960825
2024-04-02,167.3172607421875,167.51697,171.43945517733013
2024-04-03,168.11996459960938,167.21701,171.06306048020966
2024-04-04,167.29745483398438,166.86682,172.15260722076818
2024-04-05,168.05059814453125,166.51915,174.4901280970914
2024-04-08,166.93078613281253,166.1796,177.0554379197757
2024-04-09,168.13978576660156,165.86696,169.82496899289447
2024-04-10,166.26684570312503,165.5762,170.72631838489278
2024-04-11,173.46133422851562,165.31671,169.30994269946828
2024-04-12,174.95771789550784,165.1921,168.18077385910752
2024-04-15,171.13255310058597,165.44212,171.74650357429636
2024-04-16,167.8523864746094,165.8369,169.93392214185027
2024-04-17,166.48483276367188,166.08385,168.49773540652464
2024-04-18,165.5334930419922,166.09904,167.31906181791214
2024-04-19,163.51188659667972,165.91776,168.12135596040486
2024-04-22,164.34432983398438,165.55394,167.29926601901172
2024-04-23,165.39476013183594,165.05547,168.0520249112513
2024-04-24,167.49565124511722,164.56477,166.93278447234212
2024-04-25,168.35781860351562,164.18864,168.14116701030596
2024-04-26,167.77310180664062,163.99069,166.2691829301579
2024-04-29,171.93524169921875,163.91902,173.45999925523552
2024-04-30,168.79383850097656,164.00304,174.95561914026447
2024-05-01,167.77310180664062,164.24501,171.13240678036388
2024-05-02,171.46948242187503,164.42267,167.85391441224016
2024-05-03,181.72618103027347,164.61584,166.48705872606808
2024-05-06,180.07119750976565,165.17737,165.53620458581804
2024-05-07,180.75498962402347,166.22183,163.51563000591128
2024-05-08,181.0919189453125,167.41684,164.34764834875602
2024-05-09,182.90542602539062,168.66916,165.39754248751095
2024-05-10,181.64517211914062,169.9334,167.49736126702217
2024-05-13,184.85037231445315,171.1609,168.35908855921824
2024-05-14,185.9915008544922,172.3181,167.7746702126357
2024-05-15,188.26397705078125,173.50418,171.93468567185593
2024-05-16,188.38304138183597,174.71515,168.79488590404068
2024-05-17,188.41279602050784,175.94403,167.7746702126357
2024-05-20,189.57383728027344,177.10574,171.46916412668145
2024-05-21,190.87377929687503,178.18462,181.72062752597398
2024-05-22,189.43489074707034,179.21819,180.06648873973472
2024-05-23,185.4457550048828,180.1699,180.74993183382145
2024-05-24,188.52197265625003,180.87134,181.08668918013902
2024-05-28,188.53190612792972,181.31921,182.89927061258513
2024-05-29,188.82958984375003,181.71072,181.63965996329114
2024-05-30,189.82192993164065,182.03915,184.84322416500675
2024-05-31,190.77456665039062,182.34218,185.983770251885
2024-06-03,192.5408935546875,182.66585,188.25508653419686
2024-06-04,192.85844421386722,183.0505,188.3740900926098
2024-06-05,194.36677551269534,183.51256,188.40382954396253
2024-06-06,192.9874420166016,184.03049,189.56427818674607
2024-06-07,195.37893676757812,184.57115,190.86355668884434
2024-06-10,191.63784790039062,185.09233,189.42540257442923
2024-06-11,205.56019592285156,185.57681,185.43830296107419
2024-06-12,211.4347839355469,186.17708,188.51295045392592
2024-06-13,212.59579467773438,187.43521,188.52287885537754
2024-06-14,210.85920715332034,189.17784,188.82041062791092
2024-06-17,215.0071258544922,191.0796,189.81224420702492
2024-06-18,212.64538574218753,192.98392,190.76439468233391
2024-06-20,208.07078552246094,194.87453,192.5298200206351
2024-06-21,205.8975830078125,196.4451,192.84720859607165
2024-06-24,206.54260253906253,197.53569,194.3547700146438
2024-06-25,207.4654693603516,198.23318,192.97614055593618
2024-06-26,211.61338806152344,198.70595,195.3664146436589
2024-06-27,212.4568634033203,199.1314,191.62723529758063
2024-06-28,209.0035552978516,199.66023,205.5424770955218
2024-07-01,215.0865020751953,200.1566,211.41406660959376
2024-07-02,218.57951354980472,200.60373,212.57448475037592
2024-07-03,219.8496856689453,201.29492,210.83878361242677
2024-07-05,224.60295104980472,202.20912,214.98458513900044
2024-07-08,226.07156372070315,203.32417,212.62405050263044
2024-07-09,226.92495727539062,204.67984,208.05178524365886
2024-07-10,231.1919860839844,206.14073,205.87969197186018
2024-07-11,225.8235015869141,207.68127,206.52438227318422
2024-07-12,228.77069091796875,209.21317,207.44677804613983
2024-07-15,232.60105895996094,210.49394,211.5925795727135
2024-07-16,233.01788330078125,211.75078,212.4356243890598
2024-07-17,227.12344360351562,213.04463,208.98407891606465
2024-07-18,222.4594879150391,214.16197,215.06392084460907
2024-07-19,222.58848571777347,214.8052,218.5551494214092
2024-07-22,222.2412109375,214.99443,219.8246732211541
2024-07-23,223.2831268310547,214.92468,224.5755124472482
2024-07-24,216.8627624511719,214.71289,226.04337551101463
2024-07-25,215.82084655761722,214.34465,226.89633347781182
2024-07-26,216.2872467041016,213.65172,231.1611843158005
2024-07-29,216.56509399414062,212.81174,225.79543999273716
2024-07-30,217.12080383300784,211.96283,228.74112502372301
2024-07-31,220.3756103515625,211.17847,232.56953797486014
2024-08-01,216.68417358398438,210.56198,232.9861495608099
2024-08-02,218.17266845703125,210.12344,227.09471849483543
2024-08-05,207.6639404296875,209.69963,222.43314337580156
2024-08-06,205.6395721435547,209.17407,222.5620753356661
2024-08-07,208.209716796875,208.20009,222.2149778108782
2024-08-08,211.67291259765625,207.04889,223.25636189124603
2024-08-09,214.58044433593753,206.03275,216.83927458436185
2024-08-12,216.11039733886722,205.32715,215.797890503994
2024-08-13,219.82598876953128,204.96584,216.2640525911976
2024-08-14,220.27305603027344,204.94589,216.5417580628292
2024-08-15,223.25347900390628,205.26309,217.097184257093
2024-08-16,224.5747985839844,205.81914,220.3503294620638
2024-08-19,224.41583251953125,206.6124,216.6607768722428
2024-08-20,225.03176879882815,207.52724,218.14851198991312
2024-08-21,224.9225006103516,208.45825,207.64514781216275
2024-08-22,223.06471252441406,209.36198,205.62181280113043
2024-08-23,225.3596343994141,210.15077,208.19064560497497
2024-08-26,225.69740295410156,210.8026,211.65207372641962
2024-08-27,226.54187011718753,211.42978,214.55812140660254
2024-08-28,225.01193237304688,212.02074,216.08729349315763
2024-08-29,228.29035949707034,212.55176,219.80098841707678
2024-08-30,227.50552368164065,213.01917,220.24782748640146
2024-09-03,221.31619262695312,213.52823,223.22672919689816
2024-09-04,219.40872192382812,213.8672,224.5473743509683
2024-09-05,220.92872619628906,213.83148,224.38848942574137
2024-09-06,219.37892150878906,213.56796,225.0041113197432
2024-09-09,219.4683380126953,213.21935,224.89489890377564
2024-09-10,218.6735534667969,212.78041,223.03805906731642
2024-09-11,221.20690917968753,212.3096,225.33180957164873
2024-09-12,221.31619262695312,211.86891,225.66940572300445
2024-09-13,221.04795837402347,211.56891,226.5134418543958
2024-09-16,214.90829467773438,211.35689,224.9842850188414
2024-09-17,215.3752136230469,211.07997,228.26103877288605
2024-09-18,219.24978637695315,210.57393,227.47660355220566
2024-09-19,227.37637329101565,210.08559,221.29043164682477
2024-09-20,226.71075439453128,209.93257,219.3839345521069
2024-09-23,224.99206542968753,210.2443,220.90316298620968
2024-09-24,225.88615417480472,210.71516,219.3541493477521
2024-09-25,224.89268493652344,211.21062,219.44352021181717
2024-09-26,226.03520202636722,211.71138,218.64914133868447
2024-09-27,226.3034210205078,212.16763,221.18120397985652
2024-09-30,231.47943115234378,212.62021,221.29043164682477
2024-10-01,224.73374938964847,213.14644,221.02233430563024
2024-10-02,225.3000183105469,213.73634,214.88580440750735
2024-10-03,224.1972808837891,214.0733,215.35248502873455
2024-10-04,225.31988525390625,214.27158,219.22508012888133
2024-10-07,220.24325561523438,214.35562,227.3475190823342
2024-10-08,224.296630859375,214.31456,226.68223993007368
2024-10-09,228.04199218750003,214.09334,224.9644282159382
2024-10-10,227.54527282714847,214.0199,225.8580606015855
2024-10-11,226.06501770019534,214.14226,224.86509844842016
2024-10-14,229.79054260253906,214.30771,226.00703237636154
2024-10-15,232.32388305664065,214.5091,226.27511446655538
2024-10-16,230.2673797607422,214.9075,231.44848266686841
2024-10-17,230.6349792480469,215.43045,224.7062440251946
2024-10-18,233.46636962890628,215.9157,225.27222391193845
2024-10-21,234.93670654296878,216.4254,224.17004934280553
2024-10-22,234.32078552246094,217.04482,225.29208071484163
2024-10-23,229.25405883789065,217.71718,220.21804228204667
2024-10-24,229.06529235839844,218.25453,224.2693486083222
2024-10-25,229.89982604980472,218.4978,228.01279823459473
2024-10-28,231.87683105468753,218.5868,227.51633240901276
2024-10-29,232.1450653076172,218.6472,226.03683283171702
2024-10-30,228.59835815429688,218.75815,229.76045615708776
2024-10-31,224.43569946289062,218.82507,232.2925035472591
2024-11-01,221.45527648925784,218.65544,230.23704992876583
2024-11-04,220.56114196777347,218.16928,230.60446178647774
2024-11-05,221.99176025390628,217.42331,233.4344069731991
2024-11-06,221.26652526855472,216.57935,234.90399340004393
2024-11-07,225.9954528808594,215.77068,234.28838675704276
2024-11-08,225.7269287109375,215.08899,229.224246223698
2024-11-11,223.01174926757815,214.69138,229.03557609411624
2024-11-12,223.01174926757815,214.40135,229.869683824056
2024-11-13,223.89691162109375,214.09712,231.8456797289351
2024-11-14,226.98008728027344,213.83397,232.11377707012963
2024-11-15,223.7775573730469,213.7027,228.56888022188838
2024-11-18,226.78115844726562,213.70184,224.40834622864458
2024-11-19,227.03974914550784,213.70688,221.42944451814785
2024-11-20,227.75582885742188,213.84277,220.53576637949848
2024-11-21,227.27845764160156,214.05632,221.9656544515376
2024-11-22,228.6211090087891,214.31764,221.2407896395668
2024-11-25,231.60479736328125,214.59631,225.96730351955446
2024-11-26,233.78291320800784,214.97511,225.69891640934674
2024-11-27,233.6536102294922,215.53053,222.98512284390858
2024-11-29,236.0405731201172,216.2158,222.98512284390858
2024-12-02,238.28829956054688,216.96442,223.86983339415005
2024-12-03,241.3316802978516,217.83112,226.95143534331814
2024-12-04,241.68972778320312,218.83795,223.75054006672394
2024-12-05,241.7195587158203,219.96762,226.7526080472744
2024-12-06,241.52062988281247,221.09634,227.01106675603052
2024-12-09,245.40939331054688,222.14886,227.7267809675851
2024-12-10,246.42387390136716,223.1536,227.24965341088273
2024-12-11,245.15081787109375,224.22488,228.59161946392268
2024-12-12,246.61283874511722,225.26117,231.57378488856784
2024-12-13,246.7819061279297,226.18607,233.75078898258988
2024-12-16,249.6761016845703,227.04877,233.62155200271147
2024-12-17,252.1028289794922,227.86972,236.00729654322816
2024-12-18,246.7023468017578,228.75914,238.25387570241486
2024-12-19,248.4328765869141,229.61023,241.29570304177378
2024-12-20,253.10737609863278,230.2079,241.6535677730514
2024-12-23,253.88311767578128,230.78961,241.6833834794076
2024-12-24,256.7972412109375,231.49797,241.48455618336385
2024-12-26,257.6127624511719,232.28807,245.37133471415575
2024-12-27,254.2013702392578,233.18951,246.38529749527632
2024-12-30,250.82978820800778,234.05502,245.11289125640033
2024-12-31,249.05946350097656,234.66025,246.57416588786708
